eye_closure,brow_tension,mouth_tension,smile_absence,motion_score,eye_symmetry,brow_energy,mouth_opening,lower_face_motion,face_edge_density,nasal_tension,respiratory_motion,wheeze_tonality,wheeze_band_energy,wheeze_entropy,pain_label_0_10,wheeze_label_0_1,source_csv,row_origin
0.05,0.08,0.1,0.0,0.05,0.03,0.08,0.05,0.03,0.1,0.07,0.06,0.03,0.04,0.02,0.2,0.0,sample_data\pain_labels\pain_labeled_template.csv,labeled
0.12,0.2,0.18,0.2,0.08,0.05,0.14,0.1,0.07,0.14,0.12,0.1,0.05,0.06,0.04,1.0,0.0,sample_data\pain_labels\pain_labeled_template.csv,labeled
0.3,0.35,0.25,0.6,0.18,0.1,0.28,0.22,0.16,0.24,0.22,0.18,0.12,0.14,0.1,3.0,0.1,sample_data\pain_labels\pain_labeled_template.csv,labeled
0.45,0.5,0.4,0.7,0.22,0.14,0.35,0.3,0.21,0.3,0.28,0.3,0.2,0.22,0.16,4.8,0.2,sample_data\pain_labels\pain_labeled_template.csv,labeled
0.62,0.68,0.55,0.8,0.3,0.2,0.48,0.42,0.31,0.4,0.4,0.45,0.36,0.4,0.3,6.6,0.45,sample_data\pain_labels\pain_labeled_template.csv,labeled
0.78,0.74,0.7,1.0,0.42,0.25,0.6,0.55,0.44,0.48,0.52,0.62,0.58,0.6,0.48,8.4,0.75,sample_data\pain_labels\pain_labeled_template.csv,labeled
0.88,0.85,0.78,1.0,0.5,0.3,0.7,0.66,0.55,0.58,0.64,0.76,0.72,0.74,0.58,9.2,0.9,sample_data\pain_labels\pain_labeled_template.csv,labeled
0.35,0.3,0.28,0.4,0.15,0.08,0.25,0.2,0.12,0.22,0.2,0.24,0.16,0.18,0.12,3.4,0.15,sample_data\pain_labels\pain_labeled_template.csv,labeled
0.18,0.22,0.15,0.1,0.07,0.04,0.16,0.09,0.06,0.16,0.14,0.12,0.08,0.09,0.05,1.4,0.0,sample_data\pain_labels\pain_labeled_template.csv,labeled
0.55,0.62,0.52,0.9,0.35,0.18,0.44,0.4,0.28,0.36,0.34,0.55,0.44,0.5,0.38,7.1,0.6,sample_data\pain_labels\pain_labeled_template.csv,labeled
0.06722432319202734,0.18552584395289465,0.18355848021087037,0.0798227911382198,0.031687691813805687,0.04767059677480205,0.112018876269043,0.08408442697433006,0.032079451532359575,0.15405270860545184,0.12792221976232715,0.08965169028640346,0.07765262088882448,0.06786066494734484,0.008056610793286342,0.8271655440078393,0.0,sample_data\pain_labels\pain_labeled_template.csv,synthetic_augmented
0.24978375034147773,0.3038554021528633,0.2106260410955183,0.5284129683181439,0.14829829757741667,0.07361725635484717,0.23154384834062616,0.20349029401397736,0.146604085766455,0.2253161603873604,0.2058588121297172,0.22259677365769842,0.08886147693609805,0.10298006375943848,0.05934732737625212,2.581879525304714,0.11809307374831642,sample_data\pain_labels\pain_labeled_template.csv,synthetic_augmented
0.31093706375134866,0.3614073215894873,0.30565954169496556,0.6463921305095862,0.20593243019854904,0.08967251093073239,0.30383099345343967,0.24277617857300826,0.1786079105886119,0.2805995665625355,0.24116456968733033,0.22928081334033645,0.14130297638345315,0.16794918625948596,0.13339534999924604,3.1422699327515606,0.11130765671919096,sample_data\pain_labels\pain_labeled_template.csv,synthetic_augmented
0.5109446418417621,0.5765691201810303,0.5155343957685576,0.7211491708168865,0.28674763406789144,0.11778836942413617,0.4012147846744157,0.3614315170983707,0.27471077422846213,0.36846090168146944,0.3603493422012184,0.36022440426407254,0.26152801308035706,0.33056266415554547,0.22023461625630886,5.393096612510724,0.2724787721590703,sample_data\pain_labels\pain_labeled_template.csv,synthetic_augmented
0.6654447293907882,0.6957214872330578,0.599336348499385,0.8253448044463733,0.327653621034183,0.2283083077781374,0.49361703411027436,0.4585088066204273,0.3149477712617055,0.40437333813763554,0.41144529348193165,0.44656283689332765,0.4165877966436836,0.4240803136303875,0.3347209690146529,7.039610786309404,0.5251048227959016,sample_data\pain_labels\pain_labeled_template.csv,synthetic_augmented
0.8232763747548993,0.7781550838578758,0.7345932051049537,0.9493799669812591,0.41357137725945303,0.23343448127445898,0.6163135344621377,0.6128472600209035,0.4636896615583986,0.5148860626690004,0.6144539760818006,0.6740353958744123,0.6668487820602677,0.6367147846059588,0.5200678125541531,8.579843103339341,0.8057850858992508,sample_data\pain_labels\pain_labeled_template.csv,synthetic_augmented
0.57958738377596,0.6050588377204354,0.5526103666282045,0.7007494595989795,0.29245307335911164,0.19897433659703997,0.4730456874304984,0.4512203210142184,0.3489669011257864,0.45919774170155747,0.4264402339070571,0.4853925057219096,0.46271396343391397,0.4839355949043774,0.4050156619307903,6.646570512458454,0.5624922902033347,sample_data\pain_labels\pain_labeled_template.csv,synthetic_augmented
0.2765321552113308,0.2630168878250447,0.2232930516950821,0.32159108268359116,0.09090884938084784,0.09015924530820069,0.22331893212051604,0.1314137826502838,0.07618970291942659,0.2160624907791587,0.21180087239248427,0.2732160774620592,0.229625307787757,0.17241789603175914,0.07474711098063905,2.528826589042166,0.1273511468828855,sample_data\pain_labels\pain_labeled_template.csv,synthetic_augmented
0.3089156525063305,0.3544764152841204,0.2871526437192295,0.43765804543545855,0.18169898050250058,0.08873471662840945,0.2359179108943659,0.15820998408220313,0.1294723883185531,0.23480618310340767,0.26945755703535385,0.2882105038442948,0.24703757266101486,0.2316814342811379,0.14054412539361882,3.3849369469503086,0.20024993630244176,sample_data\pain_labels\pain_labeled_template.csv,synthetic_augmented
0.3205356002714149,0.42394605281208847,0.3208610332018323,0.5592661515528909,0.23865484937206377,0.11385402326470123,0.29130470868260244,0.2369804095908208,0.19097076636853566,0.23984263992681276,0.19262751543698164,0.310935529405595,0.27722294206314363,0.3589357622886078,0.23732733287386862,4.249717703722444,0.3656456863618775,sample_data\pain_labels\pain_labeled_template.csv,synthetic_augmented
0.08256199858062455,0.1122102234287745,0.16288068820432106,0.08709276041015943,0.10720718984832642,0.04292003984228829,0.0655349492252783,0.027512740836707815,0.09437385141819969,0.1665559850747611,0.08317194041559973,0.06335039381718258,0.08126633549289716,0.014211636264326463,0.0005811961569563082,0.625585627963053,0.0,sample_data\pain_labels\pain_labeled_template.csv,synthetic_augmented
0.20519010250575975,0.2852050610152139,0.25726077396332625,0.4029250793437082,0.14937004683246968,0.01352077848615131,0.20861108418992602,0.13476535153221061,0.07848230291803873,0.16370731202630145,0.1600281798131396,0.16751858269801154,0.04524453659172785,0.1009604512051637,0.05550604682049102,1.9355030418108872,0.09016219604634812,sample_data\pain_labels\pain_labeled_template.csv,synthetic_augmented
0.43222268556345844,0.43746557196267916,0.3212224639900551,0.6546847303870358,0.21183510169551695,0.12985739871099167,0.2904487042584145,0.27183508936359685,0.19754709735089251,0.352364518062088,0.31314563527452055,0.22808329335537633,0.16049889506828532,0.14521713585965054,0.11911908651716588,4.168329908800182,0.2096346397289801,sample_data\pain_labels\pain_labeled_template.csv,synthetic_augmented
0.5545776119690118,0.5670893345830651,0.5047100269463402,0.7411875706860047,0.26256481961245104,0.15753017848004727,0.44215012732675224,0.3349401519094509,0.23904864568006184,0.4369374164026405,0.32904932621192895,0.37668643720904815,0.3720034107165059,0.43866002055243697,0.22713700539374793,6.041430263394642,0.3963122296420993,sample_data\pain_labels\pain_labeled_template.csv,synthetic_augmented
0.7067566769782632,0.7162775606209031,0.6824098672797682,0.9584959688978864,0.3759871098614297,0.2323485577304907,0.5260249177472333,0.5073992290122872,0.3965528166312584,0.46514629135434277,0.4706119754337622,0.5877811943406588,0.5503797598648714,0.5501158664939417,0.44146038024947504,7.919707949490564,0.6681828557194882,sample_data\pain_labels\pain_labeled_template.csv,synthetic_augmented
0.8640740417277537,0.8191185373129052,0.8224584203699614,1.0,0.4912387676787386,0.2643978906479342,0.6412068697180519,0.6677714238579757,0.529919612019724,0.5689835159793027,0.5571574770438394,0.7522340538753217,0.6980435095750072,0.6710979788961418,0.5404334696540559,9.049377151891738,0.8639674927505814,sample_data\pain_labels\pain_labeled_template.csv,synthetic_augmented
0.5083877044095353,0.46002708214121374,0.4369281512607289,0.6269662902669805,0.17964613990041947,0.1399290534596776,0.39241152094906273,0.34904299351645546,0.2398646598323445,0.276991265171954,0.34390898730135955,0.4502658333584866,0.2846175868578893,0.3765482694163191,0.2503074171321556,5.155009931247027,0.3364109734183243,sample_data\pain_labels\pain_labeled_template.csv,synthetic_augmented
0.32817303736698583,0.28885457468363923,0.2854535889763114,0.32797829700936093,0.13454751779189533,0.11800549449703777,0.230966576864158,0.1854801567619228,0.08963405946196476,0.20052756254378215,0.15760847336899772,0.2267498941738576,0.09602580873056207,0.17126729237453886,0.08923352102085223,2.9186223542936647,0.12636272971926546,sample_data\pain_labels\pain_labeled_template.csv,synthetic_augmented
0.445383588456459,0.4360391682464023,0.3914517525353536,0.5912405360541546,0.23869186787021138,0.1774569845689015,0.3633662774681306,0.2730123784775373,0.17434868576058782,0.2925836507442876,0.23510338347656595,0.3828061957878021,0.32624062247093694,0.39443974639710044,0.2854031542974328,4.6923474550833735,0.4069752330352097,sample_data\pain_labels\pain_labeled_template.csv,synthetic_augmented
0.22004352205887506,0.29872324902704606,0.17050937503392088,0.26599516154011654,0.16230327778241718,0.029840212065690014,0.23776977715994513,0.17138946782940573,0.13421092632414927,0.16483763317314717,0.17953138998774124,0.24652842390741153,0.16624032767222433,0.1920486951988396,0.14160160289679163,2.2025809733203046,0.18325102898761897,sample_data\pain_labels\pain_labeled_template.csv,synthetic_augmented
0.07972478671322984,0.1412341058918088,0.08907016986364771,0.04831535989791263,0.1022535110508942,0.012898916216373076,0.07095218872354037,0.06908559345681081,0.06574468187605959,0.11075590782831977,0.12288522541498467,0.09611694563849581,0.060461165087451856,0.06183005812047279,0.09503615609113254,0.3672301854567909,0.0,sample_data\pain_labels\pain_labeled_template.csv,synthetic_augmented
0.20738952506741704,0.28750350332705915,0.2586111625443076,0.376644453759614,0.09862864357466125,0.03005069188535712,0.19482519529622092,0.18060277017792434,0.13628588928244403,0.20446628537770206,0.13379508348107444,0.07563934489929704,0.09095524956020327,0.09078916698912629,0.08748840915020561,2.263951925201163,0.061707717280192725,sample_data\pain_labels\pain_labeled_template.csv,synthetic_augmented
0.338872617556786,0.3978982175013779,0.2608560784472375,0.6159425084739455,0.19443562325526442,0.13314819461807828,0.28311936045548536,0.2526996983830748,0.16269026168698328,0.24927224551348967,0.2576840817940558,0.14580520993504245,0.0981705108688686,0.11259911878782683,0.042790026937884446,3.248302427968972,0.15130820687799892,sample_data\pain_labels\pain_labeled_template.csv,synthetic_augmented
0.5918413586487569,0.6765787491030312,0.5597491041361202,0.7778715420702755,0.32456412077672964,0.19073120782025904,0.42880743743085364,0.37810280556850945,0.24552958473510914,0.35330166450005007,0.3651943154922387,0.4440260707494475,0.3795361831142749,0.32243677874039617,0.28370877620468105,6.0309134541855665,0.41885208381867717,sample_data\pain_labels\pain_labeled_template.csv,synthetic_augmented
0.6880971448976577,0.753983029624461,0.6471852783092539,0.9377633924401477,0.36017566741612195,0.21881660159721195,0.5851049529756602,0.5142799295062882,0.4198171198028548,0.4723698154544071,0.5318880894206577,0.5704297551267199,0.48485270504511785,0.5857970720885138,0.4284577144693013,8.206942085237666,0.6960056839143305,sample_data\pain_labels\pain_labeled_template.csv,synthetic_augmented
0.8410479685126748,0.8541735376642036,0.8027771692246413,1.0,0.46527347115254103,0.30757955056963454,0.6252148607082655,0.6156352720389623,0.4948672754217989,0.5400019380350125,0.555700565851061,0.6431315435685312,0.5886290652880615,0.637297044978112,0.5168244331431059,8.746039216200536,0.9033662840341096,sample_data\pain_labels\pain_labeled_template.csv,synthetic_augmented
0.6879423124059889,0.6910779993149074,0.6138301490380165,0.8067200802130285,0.39778951677242974,0.2508338318058133,0.5512604919991531,0.5502746424202748,0.3833383998862604,0.4693407690834069,0.582447608390978,0.6065765882524256,0.5905640308621345,0.5703132010091456,0.45578240929813796,7.402736316212364,0.6622474409462211,sample_data\pain_labels\pain_labeled_template.csv,synthetic_augmented
0.24222446188783006,0.21766114132165215,0.20767934970989374,0.21958582387297165,0.10420319921434205,0.04301616649194183,0.1997271315011392,0.11264978670479221,0.10547185651187335,0.12246326022146516,0.14733722170435948,0.09508652564211781,0.05835543209040901,0.15702403101629558,0.09716189933172259,1.8362853782736708,0.0,sample_data\pain_labels\pain_labeled_template.csv,synthetic_augmented
0.3137092492812884,0.4547898714693328,0.31306064266317685,0.4075676736223367,0.19747660105634668,0.04993334679583546,0.2646044938904084,0.21867182554445294,0.14661456205141946,0.2648128942016577,0.23142806733803692,0.3143905082277939,0.20530851052479684,0.2831663188817749,0.23266448083779606,3.5169983467719446,0.20775830542428364,sample_data\pain_labels\pain_labeled_template.csv,synthetic_augmented
0.12264709788495284,0.20677305264666573,0.15256935933131038,0.18474871876256968,0.10097702499564634,0.06126308994542224,0.1833804812398765,0.09401807791673811,0.04096004586515357,0.1273045308517678,0.12589922396162867,0.08984689697067313,0.11340180941789345,0.09595328455840797,0.11087332041178624,0.8028943003240094,0.06260226997879881,sample_data\pain_labels\pain_labeled_template.csv,synthetic_augmented
0.04765282125781138,0.12589804317394823,0.1202685786636273,0.05651211649935945,0.05484147039376816,0.042512991575378294,0.06897795181204674,0.0872338501189215,0.0627026678251245,0.12437382684324302,0.10272436417448787,0.08171522873781976,0.09746354343871201,0.04379851922520469,0.01719884780674269,0.305748258199724,0.0,sample_data\pain_labels\pain_labeled_template.csv,synthetic_augmented
0.16325052084760447,0.25614162208754787,0.21721780283891612,0.3568996845221916,0.0958752973685153,0.09642621476630225,0.21656027813699782,0.14182017760702753,0.08536973578232468,0.19529419331630068,0.16448056331598981,0.08762926677067392,0.07514954130445253,0.09893415891535678,0.03631396982021141,1.8147957923956226,0.0,sample_data\pain_labels\pain_labeled_template.csv,synthetic_augmented
0.4250760590658776,0.43006203948500565,0.34854118964926684,0.5861273807020668,0.16867958606246525,0.11455664826586137,0.28873353713043837,0.2881719262197702,0.24913141576047138,0.23975658222275878,0.2299311216830821,0.2571734986605736,0.2150735161958391,0.15006880236465336,0.14252610747484612,4.415910484331757,0.09235467374889239,sample_data\pain_labels\pain_labeled_template.csv,synthetic_augmented
0.4676644900801755,0.5165416646103382,0.45117746946260995,0.7251160788146255,0.18104416798673645,0.16618208441902457,0.35590000676533096,0.3596729611722376,0.2090386611268928,0.2987678287269333,0.3176734929881364,0.3496872253001086,0.24202904047008672,0.20159139747445645,0.20115383530584807,4.914731559625126,0.2540767625135315,sample_data\pain_labels\pain_labeled_template.csv,synthetic_augmented
0.7372745824132021,0.6947588771158701,0.6089130711049127,0.9512707515781097,0.38516302414048514,0.21404473282912254,0.6014490539608146,0.4911869232172723,0.3953697260834925,0.46000986242381314,0.45932371046632425,0.5745118141630899,0.4868381918170598,0.5175069978171515,0.4577498119293742,7.560588116850253,0.548273007988277,sample_data\pain_labels\pain_labeled_template.csv,synthetic_augmented
0.895842038216876,0.7711403416390525,0.6733846184923272,0.9906854807141217,0.44290307121571265,0.26398338458866527,0.6059605583810105,0.6106852538768269,0.4990336408611152,0.47453003104408675,0.5882105415172458,0.736687628952509,0.6402658894672442,0.6449873246320771,0.5151021032064402,8.83794895050304,0.7398164352377103,sample_data\pain_labels\pain_labeled_template.csv,synthetic_augmented
0.6432171480421301,0.6718726496137907,0.5624456354632233,0.7952416093064321,0.31825735130070026,0.2241929346941275,0.5184857436433717,0.43858573464323886,0.37271878646964823,0.4634985536886559,0.4434365682514894,0.4884187707013741,0.4816644307803334,0.4751186227308813,0.3743869239192658,6.720663928800492,0.5132801375754374,sample_data\pain_labels\pain_labeled_template.csv,synthetic_augmented
0.3002462201342812,0.2540992462059757,0.1539514812683654,0.31022334768974186,0.12795189974929327,0.043474158824438516,0.1764985016457021,0.183522846639646,0.10781612399511245,0.26881367379882176,0.18994126328004768,0.20630230487445955,0.12477296918780911,0.17050668399347307,0.11231076224212742,2.894865178989691,0.07248609655025752,sample_data\pain_labels\pain_labeled_template.csv,synthetic_augmented
0.43146600768445326,0.49503653988468826,0.40211826164017217,0.6999215797813839,0.31662036806000693,0.12706935263107347,0.3489259230173123,0.3226988588726746,0.21108147523976692,0.33261099163070024,0.2164960633179322,0.4049050199709759,0.31581639764686303,0.315690552803248,0.25877232702916675,5.322376164871167,0.4241039599287575,sample_data\pain_labels\pain_labeled_template.csv,synthetic_augmented
0.35824869830427464,0.38992414765906064,0.3633957987491905,0.5995561407552327,0.2100815462205502,0.09736290883435524,0.32398884162302355,0.2642742790160729,0.2072247996412821,0.2637028655229388,0.26147418907628467,0.3382361640619766,0.28842988510514844,0.3240317759819013,0.21075564512167294,4.242591556618202,0.40615058281898125,sample_data\pain_labels\pain_labeled_template.csv,synthetic_augmented
0.06808006728938275,0.16068344744453314,0.1895531094219678,0.07085922389256413,0.025993043190958492,0.016241542668514155,0.1656197737777264,0.09329794930100935,0.08087578906458118,0.09365144427695747,0.07123426355531466,0.10129068335242568,0.045676365853435576,0.07039030049129598,0.028298006197518617,0.8127541823058126,0.006324763396204367,sample_data\pain_labels\pain_labeled_template.csv,synthetic_augmented
0.19493881728456444,0.19367764752343886,0.13230972010553055,0.34278251487672373,0.14381429103465274,0.033472578532997205,0.12366049133514363,0.13679009051436958,0.12328943120363106,0.22211037390982408,0.16367146539983818,0.11139452969186485,0.04293385811821036,0.08288956933955535,0.04793158182551909,1.3606371835901294,0.11013276427132611,sample_data\pain_labels\pain_labeled_template.csv,synthetic_augmented
0.4599696615365154,0.44826268909557876,0.401538780758771,0.7031142596381721,0.2268465556674156,0.17106014495260735,0.35780896143310287,0.30934080097171807,0.22106992217778382,0.3005790226520042,0.21684694652051556,0.2832191931461988,0.1704546151171143,0.16874514515338743,0.20080977899096575,4.856457480535371,0.23829429136505953,sample_data\pain_labels\pain_labeled_template.csv,synthetic_augmented
0.6219310690255855,0.6395040470148844,0.5220359613042914,0.7444972208843792,0.2937508287335561,0.18819239505167573,0.41141220709267634,0.39122572104338843,0.28490947508253445,0.4312281969975779,0.39958803425328876,0.41629540617010197,0.3311457984912144,0.36046882293995564,0.2621344872536677,5.974939076490638,0.3872113298913195,sample_data\pain_labels\pain_labeled_template.csv,synthetic_augmented
0.6121487398259703,0.7064584816840503,0.5895425079170576,0.7834715321510384,0.31856311537039456,0.2391392309500179,0.534020366662138,0.4748723976564096,0.3352646885768963,0.38947774315775774,0.38973268967450664,0.49184999101077936,0.41215843427224363,0.4756926908402327,0.3663648712531351,6.907209086122492,0.4558409010836863,sample_data\pain_labels\pain_labeled_template.csv,synthetic_augmented
0.8308660029973721,0.7827214765066799,0.7181424304801154,1.0,0.4403605214801268,0.253332551064767,0.6536926521821594,0.5867241964644859,0.4961071055377126,0.53254518783862,0.5390360105509204,0.6676514602983166,0.6852220022117727,0.6272263086322503,0.4608494336839405,8.382423506575947,0.8176879985926513,sample_data\pain_labels\pain_labeled_template.csv,synthetic_augmented
0.6563431244784061,0.6579904072784926,0.49214652374385504,0.7626758843172565,0.40147523576996746,0.1747924620175036,0.5017042057095519,0.4463582746811291,0.3445747574114453,0.4206908606999078,0.5000763284390451,0.5991464192710465,0.47733316679417187,0.5645631499673104,0.3900123265075264,7.1417842634887565,0.584765389119275,sample_data\pain_labels\pain_labeled_template.csv,synthetic_augmented
0.2885032774894252,0.3612663366446215,0.2501272474236862,0.2509097875899388,0.14497066237187115,0.05209538701926745,0.19694581155950855,0.180371539409207,0.09535811233083112,0.20278282213305074,0.17484510135365533,0.19894858319355613,0.13864970318667985,0.08352930906538236,0.11016031553893196,2.3511142726238248,0.028371896321864917,sample_data\pain_labels\pain_labeled_template.csv,synthetic_augmented
0.4331771119165005,0.4701760927029038,0.425588637547106,0.6016973002890172,0.24747858188487376,0.11729722312603524,0.34828927623787037,0.3083764187104731,0.1788029142133334,0.31721911914372297,0.27738070987007707,0.3545464858637204,0.26512540666415413,0.36738623079319466,0.26693053451946896,5.240799183656102,0.4053526181988996,sample_data\pain_labels\pain_labeled_template.csv,synthetic_augmented
0.1878548395471956,0.16484623232435955,0.1567581472644433,0.16416591651652238,0.12432271076610914,0.10017602673491732,0.14584606975407222,0.05154675055143297,0.03359288974756202,0.13191008096702786,0.11235782305108673,0.15498518540906986,0.1208862217158597,0.13131893322693344,0.13026644121755976,1.574866386137829,0.09681770312307415,sample_data\pain_labels\pain_labeled_template.csv,synthetic_augmented
0.028936348184807677,0.13455751164404223,0.13165443583474945,0.06702132610985857,0.10836497333558842,0.018478236721898824,0.16324232535794345,0.06109820672500793,0.005978426812373885,0.11638650759132549,0.055573794192287855,0.05173624472707572,0.049055459081205094,0.06381192274024411,0.008479429073112617,0.6832594322388945,0.046300310320845355,sample_data\pain_labels\pain_labeled_template.csv,synthetic_augmented
0.22830891670880138,0.3302127918986067,0.27425704321549393,0.4484570863203383,0.14668306333103615,0.06209997220524223,0.2502851395396678,0.1743208351719659,0.13361349855240906,0.2726855061960115,0.19112866589727864,0.17338997734761843,0.09638610195519595,0.12324760647061703,0.08591265628701615,2.614070008992432,0.1228325612117771,sample_data\pain_labels\pain_labeled_template.csv,synthetic_augmented
0.4318751825723198,0.4902729866961129,0.33806064483947784,0.6790880844708945,0.24089843864385296,0.15866881384985992,0.3435553627042057,0.3119713281817292,0.21558519464149617,0.3250438197937976,0.2777154067547313,0.2673983146249048,0.1954547471026813,0.11746167811910731,0.16052120413756943,3.741356396337581,0.11278585044714652,sample_data\pain_labels\pain_labeled_template.csv,synthetic_augmented
0.5080182576510378,0.5113896539837204,0.41718903656689715,0.7668176282072674,0.22604021489189455,0.22270844850139565,0.38335422251820617,0.34308276356505024,0.2842076305038017,0.3296322120346461,0.2807713588378882,0.33526027427243654,0.24005391559244688,0.22532026782187137,0.18830699582815622,5.114186755079696,0.3012278066596062,sample_data\pain_labels\pain_labeled_template.csv,synthetic_augmented
0.6499674939299617,0.6912338044829686,0.5927418165562994,0.8665686339961792,0.2988471579432101,0.18076842302273333,0.5419789012653674,0.4388716290374239,0.2987364724256596,0.43254006448368754,0.44273961898427217,0.4449331190869618,0.4197550802699426,0.47013170077833705,0.3544893807561252,7.158974168801652,0.46592554808459885,sample_data\pain_labels\pain_labeled_template.csv,synthetic_augmented
0.8483955454939994,0.8107378473441847,0.7880959789050821,1.0,0.5358104122605011,0.32818130528423356,0.6741821128292073,0.6458031569967144,0.5482262382594515,0.5611094767570967,0.6168918915710817,0.7531763875456434,0.6866853142085799,0.6865851854981481,0.545039946303037,9.14657518177165,0.8663309390651676,sample_data\pain_labels\pain_labeled_template.csv,synthetic_augmented
0.7865728923351741,0.7209411396753541,0.6955841572382419,0.882841332898969,0.38798330602319897,0.29614369716050026,0.5885846987837053,0.5118121150474444,0.42653986131564997,0.4722542780567806,0.5473143064095519,0.6403970656561345,0.5899393587796515,0.6386353767733436,0.49166123617878094,8.02081143714929,0.7557382067871692,sample_data\pain_labels\pain_labeled_template.csv,synthetic_augmented
0.19675399458754117,0.24671042647482588,0.14576450588480036,0.24224520046428286,0.10750458487602937,0.09018775526507028,0.2379780525797383,0.14784316575636566,0.07322184821016281,0.20278751390844196,0.1523951514123404,0.17642358152083912,0.1472276635515828,0.11561588041842197,0.10710848646468979,2.476569624807454,0.032390028644941636,sample_data\pain_labels\pain_labeled_template.csv,synthetic_augmented
0.39749502648985213,0.4355313291927548,0.32366833238787734,0.499170924585883,0.2026016094930119,0.13064357729881007,0.2800627317780606,0.2677923707015668,0.13960778804801452,0.26011471875262204,0.2495262089230078,0.4217629733662107,0.22990672764880654,0.3519458283805685,0.22978595329116785,4.509982507748137,0.3234442453928908,sample_data\pain_labels\pain_labeled_template.csv,synthetic_augmented
0.2653029659355204,0.36112810603541506,0.2710332216890183,0.4298113714848629,0.1626170978334378,0.09416650032787563,0.20617885715908763,0.21759017495689223,0.18331053824098648,0.2120343445198924,0.18284672933472837,0.24207673979301547,0.20345030602786304,0.19453660974942455,0.1509513941262294,3.2801637723378825,0.3166567507893129,sample_data\pain_labels\pain_labeled_template.csv,synthetic_augmented
0.0732662052203962,0.19311116088083155,0.15401401186636168,0.11221616423338932,0.08049087259715167,0.04353285387397683,0.11833794985910075,0.06693840352414507,0.011407428933190605,0.07704196265149368,0.11878574490738196,0.07504971602458471,0.02379269237389306,0.05193052816527267,0.05552332695104688,0.703087163148402,0.0,sample_data\pain_labels\pain_labeled_template.csv,synthetic_augmented
0.2709148076757093,0.37481486555798865,0.2543083732116708,0.5690480399230953,0.20221833355010746,0.12638274631498198,0.27736632241734915,0.21990185178707827,0.1620533974815189,0.19203940340928183,0.2259812283514807,0.12729320778275788,0.08563368989823356,0.16707457895079714,0.1161823250682418,2.996670330851035,0.07409255829820145,sample_data\pain_labels\pain_labeled_template.csv,synthetic_augmented
0.3668689159589832,0.42714297078831065,0.32645169336129376,0.6833984356100966,0.1889170957488549,0.130316242653046,0.2849128003901387,0.27301993533923086,0.1847872671292669,0.24713841259990185,0.24255793188319183,0.2337403531014181,0.15140576311780363,0.232650654265947,0.12667943267920098,3.840205160417654,0.06548998294298998,sample_data\pain_labels\pain_labeled_template.csv,synthetic_augmented
0.5655596258503707,0.6101381205684128,0.5503793118460939,0.7676705894346201,0.3167483056367529,0.18542237263941505,0.4455211745981059,0.3844785738044329,0.2827326102451504,0.4241825727880024,0.29755414543327147,0.3488817117115996,0.2998948313827272,0.351149537311839,0.28236934451802964,6.201754448142613,0.3661769702260438,sample_data\pain_labels\pain_labeled_template.csv,synthetic_augmented
0.6945446713774212,0.7018862884192117,0.619791110877267,0.8627278695065129,0.31588461615864294,0.2345716330708874,0.5160475006394898,0.4554967279449415,0.38964513970799414,0.34829324078521706,0.3901985818573423,0.4607541220717856,0.40910554333683974,0.44691026651056814,0.30387389101000273,6.893904997969777,0.4973891002643808,sample_data\pain_labels\pain_labeled_template.csv,synthetic_augmented
0.9070505431711294,0.8079456306820471,0.7474911290817681,0.9655238800843512,0.42115471539421395,0.28299273677710174,0.6430627252413942,0.6277525972627263,0.47229193774128225,0.5301390509894072,0.612056754545543,0.733183886567719,0.6947217573964614,0.6625829291094898,0.5786388566427818,8.82394393858935,0.8848117436923648,sample_data\pain_labels\pain_labeled_template.csv,synthetic_augmented
0.7588123455042224,0.7576030948288066,0.7155872995039516,0.9279406261046842,0.4430088341460944,0.3127889771045285,0.6623890716474314,0.5829566527706829,0.5076823473922615,0.5837448033699133,0.6324857587964847,0.6447714463070452,0.6077855603763685,0.7001291173130986,0.4789078447375463,8.06115786534931,0.7674918156350958,sample_data\pain_labels\pain_labeled_template.csv,synthetic_augmented
0.30046764120007063,0.25861934663413977,0.22424504092351452,0.296640845241272,0.10175096638653926,0.13751711394143562,0.23432861928766263,0.196540122595815,0.08892986739116295,0.1980234911191492,0.16219557199362,0.12765313282188523,0.09679597694087155,0.10108472675268411,0.03337571000197087,2.614334586298068,0.16200370576209186,sample_data\pain_labels\pain_labeled_template.csv,synthetic_augmented
0.4695732352385494,0.5035255014896362,0.42433308714036894,0.6153651385060824,0.275555745553607,0.15678003548614383,0.33253779816081613,0.31696312986000763,0.22614344605768044,0.27911143345740247,0.24191495912317512,0.37601187603935743,0.3266715880219927,0.37778622085085456,0.24996094503691568,5.26986041286741,0.4296155177194542,sample_data\pain_labels\pain_labeled_template.csv,synthetic_augmented
0.453933490747879,0.5042766790816819,0.37015801021843536,0.6937863431457085,0.24849695714985112,0.16855931051689413,0.3393511015253598,0.287799479647234,0.1544576377788542,0.2806891500084958,0.21620212999870211,0.43924852247660345,0.368552991172425,0.3448795904937673,0.2863706250194053,4.986725498188425,0.4037131153675736,sample_data\pain_labels\pain_labeled_template.csv,synthetic_augmented
0.07628466162706661,0.1792308289419915,0.11689395076161979,0.10838240278100325,0.06468274930974874,0.061713571573003854,0.09010596412213218,0.06811381307514466,0.04221549618238567,0.0905987491159801,0.10946302423914471,0.09518793272870464,0.05564687212784386,0.09394920089820619,0.07132057531776595,0.43862031325724715,0.01492209273736713,sample_data\pain_labels\pain_labeled_template.csv,synthetic_augmented
0.22065182760196722,0.26530015662520945,0.2674720079868434,0.4330246514403568,0.1289875528893843,0.1135727705219498,0.15262133513166146,0.10621103423306169,0.1438507437158585,0.197342480176038,0.18304181574033979,0.10463085828645712,0.08817288738725089,0.16452802369805386,0.09804304463338608,2.1445098436789016,0.03796627032831948,sample_data\pain_labels\pain_labeled_template.csv,synthetic_augmented
0.33998939317903887,0.46159454248267423,0.37922982310949505,0.6219749734215745,0.18785491452547268,0.09297348232767452,0.29950995142142217,0.27699929139401136,0.13208971196869224,0.2999742450927277,0.2841617840400263,0.2555591862429242,0.10097358728981812,0.16550228380928267,0.17853318996509665,3.690785102114759,0.1553426167489522,sample_data\pain_labels\pain_labeled_template.csv,synthetic_augmented
0.5137265999458066,0.5216648659162084,0.4470505243558286,0.7402517483975795,0.293717123849906,0.14788450318324298,0.39155564765793716,0.2833938586131851,0.2690003427213191,0.30047267038036585,0.2911228980643758,0.3342644698882839,0.1903741669558154,0.26878138534838036,0.22162709833925986,5.27776960950458,0.19466393698911805,sample_data\pain_labels\pain_labeled_template.csv,synthetic_augmented
0.6818987163574461,0.6385245304965459,0.5549175032742762,0.8758436197075226,0.33783124997696473,0.22474597536007185,0.5655132311797454,0.46626233588548605,0.3619423928432954,0.5011412904505805,0.42331425020833136,0.4681787319387605,0.4273359346909985,0.4627170424667437,0.32879111866818295,6.839446400354722,0.6167147442612184,sample_data\pain_labels\pain_labeled_template.csv,synthetic_augmented
0.7758593845768892,0.7870886496892345,0.7109880022683212,0.992413556610465,0.4511305429725959,0.220157504962525,0.6284067621364665,0.6269993848527992,0.4735960704867659,0.48654158290544747,0.5261803768098945,0.6326489252261787,0.5973402440850986,0.6136249284437837,0.5253172892511884,8.195981747509816,0.8112219210449125,sample_data\pain_labels\pain_labeled_template.csv,synthetic_augmented
0.7415545781602325,0.6607854183999253,0.6785817099199842,0.8678363823025577,0.429893660312653,0.19239537900857434,0.5977241322550326,0.5421706083104124,0.38034345159249405,0.4775514785853164,0.5266120792357589,0.6297539472457758,0.5670873522727069,0.5905064537696627,0.49423329744893396,7.806391005790349,0.573401968720442,sample_data\pain_labels\pain_labeled_template.csv,synthetic_augmented
0.26524841008336186,0.20987842677568752,0.22179274067790147,0.29661792301292766,0.07984434816977895,0.07131272013944451,0.18027185263329062,0.12819954223116758,0.13615284699322355,0.17555430336476777,0.18569741263844122,0.1275255324544154,0.17831091079934308,0.1558261303413787,0.08166121568330174,2.576143900937396,0.023184817762393825,sample_data\pain_labels\pain_labeled_template.csv,synthetic_augmented
0.2869978094994452,0.34005883645593943,0.25196768431537353,0.33494230173241746,0.179166763684027,0.09184052817071404,0.2678790895772659,0.18752637379366202,0.1447955013813813,0.21052499863594507,0.26998241619598273,0.208606578557532,0.23139094942354277,0.2603726684767064,0.128534496394631,3.6439328592915374,0.22909099417890144,sample_data\pain_labels\pain_labeled_template.csv,synthetic_augmented
0.14484788747221067,0.1750110148637888,0.1726838015524166,0.18092891724016733,0.14843992136787748,0.06364159309427289,0.12034189104611402,0.14053786717455344,0.10463813332256093,0.1685235412213794,0.14312886700092403,0.14399923351947141,0.0792162469124588,0.10044084119329619,0.03862130228649699,1.5446893839969837,0.10947071490465747,sample_data\pain_labels\pain_labeled_template.csv,synthetic_augmented
0.0,0.09726054501363744,0.17007859894507,0.0711946685055436,0.07448776760582086,0.0,0.15050119902300818,0.0684625323252191,0.05692790159599356,0.18800008345793806,0.1382765651445415,0.06902972106287578,0.02131673930463298,0.0393469945051578,0.044410292305039824,0.543488967179576,0.0,sample_data\pain_labels\pain_labeled_template.csv,synthetic_augmented
0.19752310604878293,0.33644550845955123,0.21420260022449997,0.43344711360922633,0.13569147312693994,0.101374762420294,0.18122231507833786,0.12835349185712303,0.12426588005150865,0.21462848771958057,0.16617958550563502,0.09738571230398599,0.04067257232325498,0.05316342029090967,0.013954470879191251,1.9213348808018402,0.08997364731394214,sample_data\pain_labels\pain_labeled_template.csv,synthetic_augmented
0.3205041804722063,0.4325938093823054,0.3334326532933637,0.7217577113016578,0.15983696213037119,0.11183077143998199,0.3723900045727631,0.28060154927631215,0.20633826660294002,0.2787641823876531,0.2652249554366547,0.2739815844622296,0.1428176094691327,0.2134439564031617,0.0941365587703706,4.12547307287441,0.1660273873263477,sample_data\pain_labels\pain_labeled_template.csv,synthetic_augmented
0.511511093010619,0.5471737791180918,0.4227239466091963,0.7259748820282897,0.21614700036020945,0.1716339184888169,0.3630557567351379,0.3652592998217704,0.21113895223883447,0.31959447680926895,0.30516188688558354,0.39462938828129385,0.26844201721121635,0.2794979696217265,0.22617823721947042,5.037061367514646,0.28973296710611146,sample_data\pain_labels\pain_labeled_template.csv,synthetic_augmented
0.6831212336685846,0.7042189595037692,0.6218977624609888,0.9008067053950609,0.2844391280706825,0.16801484257017685,0.5306718675899627,0.44661375940523457,0.3974208141287573,0.4201201875416955,0.3863272067859848,0.4748073483759661,0.35884212231627627,0.46691478197714315,0.36089316946813593,7.1805543909042955,0.6040629837046354,sample_data\pain_labels\pain_labeled_template.csv,synthetic_augmented
0.7955691273289897,0.6987080480083345,0.735063071438506,1.0,0.4458263711284467,0.2897847824940799,0.5857359371358418,0.6330115196181945,0.43396602543838425,0.5231574678456985,0.494196505203207,0.6210451514234406,0.6544441514433023,0.6211260973515167,0.5258784581836569,8.612837317981233,0.7768228438045026,sample_data\pain_labels\pain_labeled_template.csv,synthetic_augmented
0.5684631585309455,0.48065258846890035,0.4686980078739984,0.6718900046201103,0.31082192063365993,0.12661814517125863,0.4197854139870485,0.3783199533058782,0.2920397933205659,0.3319351439973891,0.3684086521130593,0.43944870450006573,0.42147663370131305,0.44260427523816276,0.311397280039281,5.790016484163427,0.4747897884303888,sample_data\pain_labels\pain_labeled_template.csv,synthetic_augmented
0.2094477124148949,0.22184168132277818,0.1797841211654996,0.17777697697079328,0.10491010436243596,0.07691562900878611,0.14619140826542118,0.13207029802348685,0.07593816433492222,0.19278149875901637,0.16214807514980464,0.12146449798787565,0.07217663862483475,0.12468706455691761,0.10715570548409628,1.7083704655551422,0.07016965867434391,sample_data\pain_labels\pain_labeled_template.csv,synthetic_augmented
0.2847807248043049,0.35474553551916216,0.23827942866355722,0.3328979352984316,0.10414021689761371,0.01105351197086292,0.2710505964836165,0.1520857341630027,0.111365868001,0.17752646272107866,0.15682063922666822,0.2418922891834081,0.16452819875046265,0.22253457709416913,0.16112370759604214,3.1490822433616787,0.18690322259469114,sample_data\pain_labels\pain_labeled_template.csv,synthetic_augmented
0.356915731476883,0.44441098212600033,0.41869327203610046,0.6480345744669542,0.21071321724860054,0.12231240011479276,0.364782984950743,0.3025028543397326,0.20532966321850796,0.26972010236203964,0.2415154862848116,0.40081124554997466,0.3003624827800137,0.3505507023530378,0.26639731325817634,4.741806609066868,0.42801742841313295,sample_data\pain_labels\pain_labeled_template.csv,synthetic_augmented
0.018200185072965565,0.12659429158755278,0.10177690791600176,0.07877860376199983,0.060615203165299184,0.05900129586491614,0.13370215522619008,0.07113676514215103,0.07625287393970981,0.041962368473624154,0.13307770054658627,0.08354316984405467,0.06848095331599768,0.009549380298396588,0.0012225561954821614,0.47501376457464406,0.0,sample_data\pain_labels\pain_labeled_template.csv,synthetic_augmented
0.277921087497299,0.25153141776541454,0.2579756515229526,0.4788831965640712,0.14354522898259692,0.04069588537661996,0.25261361879417266,0.11116718624866892,0.1521446366718614,0.16489550975214362,0.1912624221948576,0.15215188273322908,0.13384722379024985,0.11036729278264998,0.06097105405543003,2.2918531571324268,0.12057399556651989,sample_data\pain_labels\pain_labeled_template.csv,synthetic_augmented
0.3882660384130034,0.44274154525976284,0.3028196251411348,0.6782108512646784,0.1538281788647889,0.14917654407071657,0.3304482854421305,0.3448538541785234,0.1602742460078369,0.2768541124122603,0.3138826061711712,0.295609639495701,0.15235893864390876,0.19996432304250916,0.1399939558359319,4.254410427783211,0.138609407799739,sample_data\pain_labels\pain_labeled_template.csv,synthetic_augmented
0.473109625112549,0.5792843820663548,0.47619285229458186,0.7349722390153014,0.20498433039815064,0.1947328487223146,0.41526901895278734,0.3283733327425122,0.24337680798947597,0.29677473931116277,0.29939148184020437,0.34655789170121265,0.3037243385997932,0.276045576783688,0.23771915973232782,5.4446435445308055,0.31440495592061973,sample_data\pain_labels\pain_labeled_template.csv,synthetic_augmented
0.7145925563636413,0.6896059817387653,0.5669499572132322,0.8440426020101648,0.33534431895236144,0.18390346911742683,0.5436070042410308,0.46160265247245563,0.4368138939189909,0.3820689913263155,0.45740963913193833,0.4888373213032425,0.4392491400347007,0.48974365715129003,0.3071898244097377,7.416874879917268,0.6543679079175773,sample_data\pain_labels\pain_labeled_template.csv,synthetic_augmented
0.8342614925828117,0.8218616333602731,0.7322552005021072,0.9825711943440555,0.3889017133912646,0.2924633500211724,0.6430722045867796,0.5707334670248663,0.4949118838748419,0.5089568461744609,0.55990792432091,0.7032428943133663,0.6049026872903895,0.6964736182123177,0.48453667198509426,8.639197773358118,0.8966187330806328,sample_data\pain_labels\pain_labeled_template.csv,synthetic_augmented
0.7759527192449368,0.7107718854378702,0.6632016416198273,0.88109403242256,0.4304815645447649,0.25286898887238374,0.6082468543162162,0.5607221726640049,0.41994927523670844,0.49184214152616845,0.5786289551419307,0.6139929743271236,0.6012827227731448,0.6023767702561978,0.4904939388371016,7.951599169308197,0.807715462830223,sample_data\pain_labels\pain_labeled_template.csv,synthetic_augmented
0.18493955696578712,0.26098091184916555,0.1606320605008643,0.16085537698650368,0.10025864210396823,0.03566961315847325,0.21023525492803757,0.09542529646813568,0.057064657047825026,0.15594192681912267,0.1386638911749148,0.18424185391756623,0.11970796030906368,0.164747899058711,0.1362678886801379,1.7149583811323963,0.041899399157006384,sample_data\pain_labels\pain_labeled_template.csv,synthetic_augmented
0.3917988037905124,0.45528885617661136,0.3534123353988121,0.5768260447816105,0.24360540068338937,0.0924654134679063,0.363197740813126,0.25946567577779267,0.2840923014192466,0.2735541322132089,0.26925619499965237,0.3543954458116216,0.3599549510796825,0.384131135195476,0.2686153245966156,4.752865963895098,0.389713672335407,sample_data\pain_labels\pain_labeled_template.csv,synthetic_augmented
0.30817172066956555,0.33572098974218906,0.28287606387753844,0.3126506430802368,0.14907815829944787,0.11492315277760558,0.27068327594275726,0.23328583828051924,0.08939014131543871,0.22048312184237678,0.21618803038778484,0.2202649745425901,0.20548973600640197,0.24537224969338922,0.16527382764566054,2.7869222950817925,0.2441333509154885,sample_data\pain_labels\pain_labeled_template.csv,synthetic_augmented
0.08398699013967499,0.12897442113914667,0.13062867800402184,0.10860641803275528,0.07974327912456602,0.03184695776461644,0.10064981409990933,0.0802200227734249,0.0,0.13627057511742668,0.09743250871210239,0.08315032709855977,0.06980178987815037,0.0,0.0,0.6939511950773624,0.0,sample_data\pain_labels\pain_labeled_template.csv,synthetic_augmented
0.16625797559695926,0.2700321001039751,0.23135986056556296,0.348123441823285,0.10557613949904729,0.0034698149971603143,0.20983847679277257,0.17673305188794955,0.11939764628558572,0.14701172043015961,0.1736148250612175,0.1525366858397912,0.12014518270980193,0.06043749687410911,0.053246958414386716,1.817474275252387,0.035697396108711095,sample_data\pain_labels\pain_labeled_template.csv,synthetic_augmented
0.3686277463278558,0.42354910679150964,0.30882814466698477,0.6440470530001015,0.18722262502330933,0.15933217014536305,0.27920088811791194,0.23234798126484912,0.17905931799817734,0.2888443239418486,0.1975545080079858,0.18564250372868055,0.08883574891572096,0.17094846090536064,0.08892652859462555,3.5973610713210733,0.16391463278037144,sample_data\pain_labels\pain_labeled_template.csv,synthetic_augmented
0.5035016286057405,0.5403220405687373,0.4612485776206339,0.741643940798934,0.2211540681375568,0.15137450666508276,0.41691943034365686,0.34466942464181555,0.19548123704595993,0.34705864061363534,0.2803297998611055,0.383460540266571,0.2745471232408209,0.27799874207884095,0.2030631235929772,5.251215326807405,0.29561620500223584,sample_data\pain_labels\pain_labeled_template.csv,synthetic_augmented
0.7126103807528034,0.7382367627331861,0.6133426330382384,0.8884433235922873,0.32832649905347105,0.19479809406421686,0.48930560413195984,0.5113987824352713,0.43377135502728836,0.48553151062091243,0.41537492881640936,0.5626353800698929,0.5202852068689157,0.4932248063698482,0.39927961813230883,7.160783341967139,0.6210631054070779,sample_data\pain_labels\pain_labeled_template.csv,synthetic_augmented
0.843717338179547,0.7566650287407553,0.7624683768480891,1.0,0.44268723426230616,0.24475646637878773,0.593047596365702,0.6055087103841664,0.48605329837797345,0.4911977052717598,0.602864507860007,0.6873204912431425,0.628547523939725,0.6641824305298686,0.5698674238100899,8.982413689888656,0.8313913890033626,sample_data\pain_labels\pain_labeled_template.csv,synthetic_augmented
0.42251156393412115,0.412360551029637,0.3856828044671633,0.5074206662081212,0.23394794426552093,0.10114277556379689,0.35643144233059576,0.3097178469343024,0.1195714992942975,0.3286186279831533,0.19768258144567824,0.3268321891679881,0.30417515172661014,0.2838961089413042,0.16917650431427733,4.355904948466468,0.34297093168167847,sample_data\pain_labels\pain_labeled_template.csv,synthetic_augmented
0.2573413007365029,0.2388041453617395,0.14747110362786528,0.15922107907969993,0.05994047809995895,0.07621536019225994,0.20498719366751936,0.06655382744160485,0.06323514269417611,0.1494473363794278,0.19414820530353727,0.11018283895571965,0.1485840814735586,0.11201551718912607,0.03304202509997953,1.7759753715233488,0.006292511993652307,sample_data\pain_labels\pain_labeled_template.csv,synthetic_augmented
0.4783524622049633,0.5026302701420037,0.38009667015090637,0.7275451792000727,0.2395417297713947,0.12924888178993998,0.3563543290058306,0.31145101375286377,0.29573614821222205,0.3214262153464666,0.3070949986012394,0.41013586802219704,0.34790206898737536,0.42391350897757324,0.2828250153593859,6.134027816147912,0.4310937415580971,sample_data\pain_labels\pain_labeled_template.csv,synthetic_augmented
0.2296403443995254,0.297929264868153,0.24645168846732263,0.3468725996656978,0.16124923340593572,0.06713493535789862,0.23655257944604374,0.19520697676427728,0.12595252844180108,0.18964163466751316,0.20039614345894768,0.24620242841239093,0.18252103411623144,0.22458484300753256,0.21289736388025587,2.6535908900590908,0.2674605480407648,sample_data\pain_labels\pain_labeled_template.csv,synthetic_augmented
0.07234287631626787,0.15438051037582046,0.13274540609905824,0.05033212826879137,0.03996852232279738,0.03545275360591639,0.0860021283116786,0.03772404574020874,0.030346406718273426,0.11499411000131272,0.058286831922230185,0.044854220561979005,0.0,0.056243088373926636,0.04088103545027157,0.42718559249769383,0.03860681970914664,sample_data\pain_labels\pain_labeled_template.csv,synthetic_augmented
0.2550046805993058,0.3118187498344045,0.2251821587145833,0.4579516839968508,0.21489366318394243,0.07067601295948729,0.215880387260646,0.1951831963557253,0.13917780869801671,0.16632533828187523,0.22214943234709725,0.15194943050762308,0.06460042644065794,0.15043879119876427,0.09985171797399567,2.1164732958141186,0.13955639832049405,sample_data\pain_labels\pain_labeled_template.csv,synthetic_augmented
0.3720561843611976,0.47006863199860227,0.32714100134483814,0.6473988863001783,0.17948754794066002,0.13675206460053208,0.3280670540070289,0.25903350703933076,0.16042109866062157,0.27284272275696175,0.24685086355911542,0.19788542470193307,0.11443873230291385,0.1955477042069325,0.050888177680428914,3.9094269193516387,0.1291180562431463,sample_data\pain_labels\pain_labeled_template.csv,synthetic_augmented
0.5769026746287861,0.6698269367958652,0.5131279267364566,0.7867693392536447,0.3087906116468497,0.17613746529969873,0.48826060957873035,0.37021733726567774,0.30219467992581156,0.41103608633269584,0.3998293983325823,0.48252868827565265,0.3104678519191765,0.3286679328278508,0.2468695992538307,6.432512616992771,0.4283091539934257,sample_data\pain_labels\pain_labeled_template.csv,synthetic_augmented
0.7111215116788785,0.7498098524819066,0.6302684408755705,0.9907812664114226,0.4793308200582653,0.2499967291321754,0.5911009114338016,0.5066225132442084,0.35710190667847064,0.4443235306851396,0.4608208101311069,0.5392007248066477,0.5832848550939966,0.5641986544808888,0.4518021284645235,7.942310537421791,0.6771043251124358,sample_data\pain_labels\pain_labeled_template.csv,synthetic_augmented
0.8369475457687334,0.8196302434032907,0.7404539985283213,0.9897354132780386,0.42412670249561596,0.21962635779378106,0.6500708022975976,0.6154043260223457,0.46512552416128505,0.5368834133785507,0.5911137680852228,0.6364044828796442,0.6336309832770406,0.6933026398734897,0.549529421211462,8.632606291356765,0.8432144110143741,sample_data\pain_labels\pain_labeled_template.csv,synthetic_augmented
0.4562217657502607,0.3831796666524,0.34417729265737856,0.47497956393849367,0.21878620092726483,0.12026841529941386,0.33927704403446257,0.2759154698861733,0.21182917907953552,0.27915371506984826,0.292371253694205,0.34746992845039076,0.22346677299721576,0.21335825049783783,0.23826404117297528,4.358644098004897,0.19874543726581612,sample_data\pain_labels\pain_labeled_template.csv,synthetic_augmented
0.26956490064659977,0.24286083477213322,0.18542125944287113,0.2592182297073389,0.06983252531460565,0.03168096912041497,0.201499126420833,0.14468396505753142,0.09832864580981192,0.21077549611665838,0.16939571340003548,0.1815582277273322,0.10347486192666747,0.1270384812664864,0.08057077264446401,2.2242981198168064,0.08949747925228538,sample_data\pain_labels\pain_labeled_template.csv,synthetic_augmented
0.3217287097467479,0.34751238224608494,0.29243233740162367,0.40273179004175985,0.1820457606504172,0.1593209158422227,0.25053712989978416,0.22030294596435576,0.17553625100420278,0.23883313832013953,0.286028434472323,0.2718289451769455,0.22633022228448588,0.22161664349238452,0.164677841426012,3.6127395876483357,0.2615314051837833,sample_data\pain_labels\pain_labeled_template.csv,synthetic_augmented
0.22639387206050202,0.22686110138911655,0.2064761024324162,0.33063632106320945,0.14499938543153687,0.050001681594781536,0.15897879427048908,0.11875390117038173,0.1274072939659336,0.16115130303504188,0.14867590462314295,0.19394275781570267,0.16561352203420518,0.14212846966750253,0.08753953855364069,2.1578213482466655,0.19038288328454778,sample_data\pain_labels\pain_labeled_template.csv,synthetic_augmented
0.0520564164609703,0.14547887954941058,0.10778706171157681,0.05961106446752315,0.03296997783000713,0.07656047284067238,0.12157981337415487,0.08696410722314486,0.08246778739649643,0.19943092220938463,0.037537522835474006,0.05290014733590969,0.019040469855875753,0.022001133709630683,0.0,0.44109828243338545,0.0,sample_data\pain_labels\pain_labeled_template.csv,synthetic_augmented
0.26174624801921964,0.331260275256544,0.24975224736217694,0.5296353131058251,0.14668400877103974,0.15257744051688812,0.2560737211205216,0.13758898967216365,0.11002637681519407,0.16567118720492174,0.19840631575029544,0.15865486477900495,0.09046762287604562,0.1826368048726204,0.10320125234776106,2.7029452098043913,0.040643337358072094,sample_data\pain_labels\pain_labeled_template.csv,synthetic_augmented
0.3623363949503431,0.4164224441670012,0.25554288296400074,0.6354122759661368,0.1967507571468543,0.10987411968751531,0.28417332828573577,0.23647113386366414,0.17510496751862759,0.2672168926992752,0.26263663946749083,0.26141147013047367,0.14382675761548086,0.15897250343783764,0.13762256219700295,3.856955743011384,0.12345346932126755,sample_data\pain_labels\pain_labeled_template.csv,synthetic_augmented
0.5879874507710412,0.6537387133612024,0.5491730600277964,0.737889804391018,0.2715227771206163,0.17866770402904053,0.43010476806006626,0.35718085867265725,0.229315428453869,0.3666626719316713,0.33360807647452406,0.39840323724863047,0.27839035543031626,0.3019983690161119,0.25646415478242857,5.980065499275719,0.3828770002298403,sample_data\pain_labels\pain_labeled_template.csv,synthetic_augmented
0.7486774257038852,0.7396869804247588,0.6305094786660674,0.9118412014933585,0.43775393822886977,0.20990771277936332,0.5389507326816105,0.5166185084246457,0.4050857036598206,0.4331041746904811,0.4811198582642768,0.6147624325325354,0.5013134589154407,0.5086382501784645,0.4636813908654985,8.052495204772654,0.650851892238228,sample_data\pain_labels\pain_labeled_template.csv,synthetic_augmented
0.8236550299899782,0.8109519706459706,0.7877651472430226,0.9689025407539102,0.47025938810116397,0.3032512051384145,0.5945557104794775,0.6536066887896157,0.4771195865852556,0.5559535954868432,0.6065929713080846,0.7449288147003047,0.6889189543831954,0.6210725082044899,0.5224503532684555,8.955590871335737,0.8411914005799114,sample_data\pain_labels\pain_labeled_template.csv,synthetic_augmented
0.6935443008437181,0.6501871696315599,0.5753295858494294,0.7067192906176615,0.34756604642259975,0.22526449145963648,0.48886863313694257,0.4965554492996255,0.4067635362664335,0.44107164985964076,0.37363349804156376,0.5154854966097516,0.5545544489778732,0.5015726404303394,0.3380929107021083,7.147440353524387,0.6031709748508418,sample_data\pain_labels\pain_labeled_template.csv,synthetic_augmented
0.23442403942908224,0.255458081932248,0.19615490268099534,0.20230455377969114,0.1600242213025659,0.07998084400171712,0.1370037917912523,0.13323914374645618,0.11052040392750875,0.21235700508049662,0.14347783139263925,0.1875002951244683,0.12953357983241912,0.19158949443571024,0.04648859227769225,1.841052580866989,0.028445190272632405,sample_data\pain_labels\pain_labeled_template.csv,synthetic_augmented
0.22337818006942764,0.21288060246474522,0.20703781835064167,0.26260247706091217,0.10823595197929295,0.12457773917810841,0.21343388172594616,0.18744554407261615,0.1095110895811257,0.2226726531142765,0.18625768043548566,0.24250647166468622,0.1498629613754338,0.18253851056849502,0.12349270380834128,2.421935272172681,0.12984059420942334,sample_data\pain_labels\pain_labeled_template.csv,synthetic_augmented
0.33858471951246905,0.41301630478295637,0.38695853585736245,0.5682615284239266,0.22836946919678036,0.04750732724387885,0.3091226565576933,0.19110341168404107,0.22244643081590312,0.2593664625789706,0.26020639959483916,0.3236993610743942,0.22671601057677093,0.32078352907754076,0.23261346879955505,4.196105298068153,0.3594224045597093,sample_data\pain_labels\pain_labeled_template.csv,synthetic_augmented
0.13390789669111472,0.21240861006740186,0.19260054134093552,0.21258995080140292,0.06952876278585322,0.0,0.12480424195557085,0.11640359292135434,0.03454720544371522,0.12835023878248752,0.0912984293313899,0.13870209485246132,0.06930431911078062,0.07636682726790249,0.055468648042212854,0.8653744954329231,0.00790225130110014,sample_data\pain_labels\pain_labeled_template.csv,synthetic_augmented
0.18293410062861293,0.3116085672362923,0.23970256990693709,0.5218942925886056,0.1985441633664321,0.13280199899194894,0.21002501663872922,0.1751169556122602,0.14867370887200637,0.2873612292162264,0.23580706499537857,0.19070518596712027,0.08834922355229403,0.09062728217251514,0.10650968983187384,2.2079495248323497,0.06186663484474898,sample_data\pain_labels\pain_labeled_template.csv,synthetic_augmented
0.4506460911872411,0.44221780942476646,0.27968123935637834,0.6837058251055785,0.18645833867716405,0.12870792500341424,0.32539959894772946,0.2666468686660306,0.21799646029139338,0.2351575450548415,0.24563306465679194,0.2828081202043669,0.1564354452802326,0.1465937872624645,0.1612001517031248,4.45892366825099,0.1667726773699843,sample_data\pain_labels\pain_labeled_template.csv,synthetic_augmented
0.6154015120892622,0.6029094549920775,0.5365190545010018,0.7582128027214398,0.2530741953979546,0.17764472996583203,0.45478880600999805,0.382477813444852,0.31249781581015906,0.37145463610993956,0.4112097871066001,0.4356902711648612,0.314812031744038,0.3467278949196996,0.22934651547776314,6.385207549920046,0.39790829176920695,sample_data\pain_labels\pain_labeled_template.csv,synthetic_augmented
0.7257031219419092,0.6986344421692232,0.7114339853822991,0.9011348517994396,0.34809040210172176,0.27135364183223076,0.6120338208176622,0.4965923484397861,0.38997926191728804,0.47937434595909495,0.4215179321853841,0.5235496680976364,0.5190180291463415,0.5987149271401128,0.4239244864956129,7.990151249753182,0.723678886136919,sample_data\pain_labels\pain_labeled_template.csv,synthetic_augmented
0.8038313938336579,0.7847454311189151,0.787571135062771,0.9543340217442572,0.4837369105391004,0.24001895804321588,0.6442110190412019,0.5879719614089097,0.4565101848098811,0.49164379019835885,0.5776566485613415,0.7074577670842306,0.633699501143695,0.6596949820013466,0.5382720700168385,8.534771029622265,0.8412929723786777,sample_data\pain_labels\pain_labeled_template.csv,synthetic_augmented
0.5745925586554518,0.44072833339852713,0.40444978150933314,0.5888996588184646,0.271307689958928,0.1247519690448245,0.36227813169553774,0.343370781861168,0.21401779535902432,0.30718238996230096,0.32429695031330474,0.41359808552641975,0.2966373453411159,0.279503769965582,0.18963893268908044,4.751147319147545,0.3047616446110679,sample_data\pain_labels\pain_labeled_template.csv,synthetic_augmented
0.2714795516045259,0.2587507423641658,0.22400668408359162,0.31115998102006737,0.16950852110449557,0.08977512326231646,0.2277964475119323,0.1584401244259275,0.09187806367041079,0.21470743746765994,0.20240011556967014,0.18252156155518484,0.14092781382722885,0.09636397799376134,0.10870563078906957,3.0482646273617844,0.10098486334751858,sample_data\pain_labels\pain_labeled_template.csv,synthetic_augmented
0.45720882457952683,0.5547891346240797,0.4525712356026296,0.7535229143066616,0.2963564804753449,0.15810622365802782,0.41522490781939836,0.38573817676610334,0.24047874985561535,0.34859244324763994,0.2830799526944875,0.49586452990914254,0.352579584233674,0.4591923683017504,0.38713861210790723,6.053372613256713,0.4046971436151765,sample_data\pain_labels\pain_labeled_template.csv,synthetic_augmented
0.4121288741058255,0.44777873329407547,0.38061240882505387,0.6155707668175087,0.2596371752237405,0.16408354164667802,0.341706996754955,0.3232718476361113,0.20335019255576084,0.29624754448493473,0.23637940264908552,0.36062534332883334,0.34784457767582927,0.3456449507606554,0.2782707034314168,4.7121301599468985,0.3667465180557771,sample_data\pain_labels\pain_labeled_template.csv,synthetic_augmented
0.14037924942427676,0.17774193747051759,0.10271229536950946,0.12868389170627348,0.12373999759167506,0.03710021668485713,0.066528006869042,0.14057677291356585,0.0775000203750954,0.1249278593163276,0.09264277426842746,0.11949880297446369,0.027254620533570036,0.08796181527583545,0.04977998111208349,0.7895012867117024,0.0058205922134238145,sample_data\pain_labels\pain_labeled_template.csv,synthetic_augmented
0.26059267732893027,0.26505927647248856,0.17381804153168073,0.46115203418155715,0.15961685746571014,0.09474708838720086,0.2371834417617152,0.16319943779830842,0.1482362179928919,0.19931296382105948,0.1660663007992404,0.1391870267312946,0.15309498629986196,0.056494483637593615,0.0914014677030914,1.8777720669491709,0.0563503740907768,sample_data\pain_labels\pain_labeled_template.csv,synthetic_augmented
0.3459713865834022,0.47019336319681143,0.34712109361803273,0.6093719667123617,0.23412630551890715,0.17198944813534767,0.37534744016133653,0.2886472188109034,0.197555822651913,0.32325359282039334,0.3138804017537224,0.30082484947330757,0.14963239752446522,0.20391887118780688,0.1565943785222623,3.9403434320221375,0.19112258337403001,sample_data\pain_labels\pain_labeled_template.csv,synthetic_augmented
0.5234144911933497,0.6016079990284213,0.45332544739150166,0.7296954539389123,0.25695174462917086,0.13466040275552324,0.3625463491389234,0.3762595411051934,0.28306227394442257,0.30215881419080654,0.34731036852672836,0.3452292062194599,0.2612214630881961,0.29121216576822057,0.2344793191655274,5.390599706224324,0.33613648895814496,sample_data\pain_labels\pain_labeled_template.csv,synthetic_augmented
0.7521855088834032,0.6975496150198766,0.7211285022361299,0.9559197235827954,0.40648490829234085,0.18721066963531538,0.5404139248396148,0.5493227449638822,0.4107929678750984,0.39931659830979077,0.5162436834015025,0.5542377453730678,0.5583469830516126,0.5391899055285355,0.4337836788785977,8.112215698698149,0.6268377449957833,sample_data\pain_labels\pain_labeled_template.csv,synthetic_augmented
0.8455122346826004,0.8433630900126347,0.7171994322572302,0.9499589620033271,0.5018373776469486,0.26761424427026165,0.659640406906935,0.572843593965793,0.4981785265934385,0.551180168395609,0.6335999604821391,0.6968331572253219,0.7296913458193359,0.6794333814869669,0.5309144332469883,9.278729008735908,0.8655691870363721,sample_data\pain_labels\pain_labeled_template.csv,synthetic_augmented
0.5796708127624708,0.5837594595599197,0.5450472229830049,0.6407695706949738,0.30346978257359086,0.17997160572349033,0.4193678212393131,0.4017056957431959,0.3102722648325927,0.4133703040119509,0.4307565526362624,0.46002730197923364,0.40116988068571824,0.44751724406321164,0.30582059385488536,6.0820372357206,0.47807544809658314,sample_data\pain_labels\pain_labeled_template.csv,synthetic_augmented
0.19913156198364657,0.2859231318785971,0.18188833349690503,0.23362826405818926,0.07710228317621669,0.05999184153277679,0.2571055940629192,0.08923153278188961,0.019949093251254692,0.215481232186865,0.1320792550864558,0.15314586557330895,0.08493382468411644,0.12337017580103148,0.04118136340738372,1.9267962573649384,0.06020143368288135,sample_data\pain_labels\pain_labeled_template.csv,synthetic_augmented
0.3065153978547926,0.36905734606682156,0.25465345571738085,0.40628083266559273,0.1851990779494313,0.08383112262851929,0.2634938869643926,0.21299904395575503,0.12804105321815823,0.26047129251339507,0.26281875928144205,0.27750833163952243,0.23808689491163101,0.24627728718860756,0.1925346559878466,3.985729249056231,0.25956462833289023,sample_data\pain_labels\pain_labeled_template.csv,synthetic_augmented
0.456031603142923,0.5407905852347455,0.4229779716276489,0.7362101657426605,0.2647435742851501,0.10315734547418604,0.36677151918862944,0.27199391231727055,0.21901273671294938,0.34265936966311245,0.22460944929534923,0.40617859563810704,0.3208166546887543,0.39911919967222426,0.291564945054264,5.895109208292514,0.5090680142030849,sample_data\pain_labels\pain_labeled_template.csv,synthetic_augmented
0.09790240972772081,0.16642575096223786,0.12389310110906077,0.15009774002785345,0.035295886782397236,0.06749945275918243,0.15289870388991145,0.0874212954179314,0.04958989411537174,0.13688558313352123,0.015249806252268586,0.09394403243879486,0.0390375230069213,0.05091929955040577,0.05363411832905033,0.6825719333716747,0.0,sample_data\pain_labels\pain_labeled_template.csv,synthetic_augmented
0.23074986024769914,0.29405068045182575,0.2271388238006032,0.47278817295927755,0.10782073881190579,0.08547190138641061,0.26326037652264955,0.12044378557540045,0.1297509982860388,0.18284042034373893,0.16928046386873707,0.12117719522591153,0.08719472131103784,0.16355908875515132,0.03830815440644173,1.9741135075628393,0.008324392596390055,sample_data\pain_labels\pain_labeled_template.csv,synthetic_augmented
0.3975226215445822,0.4606236408997905,0.34930932447703367,0.6459291887880544,0.2026502306576258,0.20345205822815568,0.3737454402273307,0.25382136557834956,0.21655816066192415,0.259611441904097,0.21126609591870166,0.29969957769811545,0.2142122855114243,0.23079106764355473,0.13046116760750115,4.303358605722252,0.20425249728647213,sample_data\pain_labels\pain_labeled_template.csv,synthetic_augmented
0.4684445052695862,0.483461100064276,0.4301106347141112,0.7501665417703172,0.19830935340356237,0.16984053300621962,0.3830813792252148,0.3438599510088506,0.25395551758480406,0.29696229533547325,0.25284672110693224,0.31068879311936437,0.2551478236749844,0.23577313756204182,0.16409345391479813,4.756062478293281,0.3145965336651222,sample_data\pain_labels\pain_labeled_template.csv,synthetic_augmented
0.7176329923838567,0.7369828039579893,0.637178856732815,0.8858402755266314,0.3509891615855443,0.21046560435774056,0.6149443073416603,0.4972379527072944,0.3566465785277681,0.45123295969779526,0.42557601717352084,0.5743298215623914,0.4426550824260047,0.5082027041606911,0.4158324559561095,7.515484979479154,0.5935340114458113,sample_data\pain_labels\pain_labeled_template.csv,synthetic_augmented
0.8196596275018325,0.7681871917814651,0.7195977854336654,1.0,0.4498261893462018,0.24710254212273963,0.6258639325026003,0.628499266870207,0.5057563454442245,0.5381627357554133,0.5618977965228411,0.6950948786770121,0.6185871708233043,0.6501055836314505,0.550446995030198,8.905678419051377,0.7727528967746363,sample_data\pain_labels\pain_labeled_template.csv,synthetic_augmented
0.4584672163571073,0.4609601664759112,0.3217841316439538,0.5274512920807434,0.17819446065742212,0.10464054828856402,0.328393125378294,0.278695749348675,0.18934205626732406,0.2916769941474681,0.2712832891897434,0.29934740849552,0.2945573053430698,0.31374738198185287,0.2366062289524618,4.243165705052258,0.31083335597040146,sample_data\pain_labels\pain_labeled_template.csv,synthetic_augmented
0.18154127669565306,0.23555865097433004,0.1713476126250966,0.2125774704902961,0.14301833463924338,0.0,0.2520116953918141,0.08355797696759129,0.1008827889764724,0.20057752957256156,0.12159188334139545,0.15772321410847223,0.09205744120088426,0.12382378535894617,0.07029319090917668,2.0213542352957035,0.031672457092466584,sample_data\pain_labels\pain_labeled_template.csv,synthetic_augmented
0.43641462709885104,0.4790688520345533,0.39548710193676223,0.5633763460098326,0.20780199772020244,0.10754827628349728,0.310535239591739,0.30087013220340375,0.22219085670765895,0.27617457785842564,0.30375605710912823,0.4208353278834088,0.3047932432719319,0.3130416442697239,0.2966283022813223,4.83140839630965,0.3675320674904318,sample_data\pain_labels\pain_labeled_template.csv,synthetic_augmented
0.21235578489848705,0.2401142713529364,0.27778762524413714,0.3167870588204267,0.25521563368234645,0.054132640927846504,0.17839416192548901,0.19763880774958534,0.17040415171272033,0.20024342694574615,0.18925399973681584,0.1899620822698936,0.1646952392729174,0.1817170632382837,0.0992642606764937,2.832279073490938,0.1371462887604662,sample_data\pain_labels\pain_labeled_template.csv,synthetic_augmented
0.0552858165339057,0.09174993410028187,0.13635126118542146,0.07031492105509798,0.08598608967276723,0.058686263511182696,0.1325686382702485,0.06522932682423428,0.051333510084104805,0.12757491411718047,0.08953657974623666,0.0603136737620925,0.026141475499609247,0.021587999579903393,0.03876325642709725,0.4257870263750632,0.0,sample_data\pain_labels\pain_labeled_template.csv,synthetic_augmented
0.232882045343107,0.35369357955094155,0.24037842176573887,0.5056582375830033,0.1871419920306109,0.074629315477444,0.21384476454920354,0.23009934012763442,0.12848409390131194,0.21061858683628668,0.2041209601530257,0.20058612431774375,0.1086210104057746,0.09033493384968339,0.10604764584889562,2.5607132459986626,0.15840251840372901,sample_data\pain_labels\pain_labeled_template.csv,synthetic_augmented
0.3473344242544946,0.4751064383561248,0.42272342295926146,0.7235346014506647,0.26543142578041823,0.09990999155627735,0.3607444668353155,0.25934575804334115,0.20485717837965925,0.24756562281438987,0.2464205227301004,0.2512209904322552,0.20796225263972098,0.22502716788553212,0.15405878755650648,4.102541586686377,0.16379141543631429,sample_data\pain_labels\pain_labeled_template.csv,synthetic_augmented
0.5265906404358353,0.5888165231862807,0.47625071558239757,0.7070495160851368,0.16157888526543351,0.10481480225668681,0.43126673761040774,0.32360967022158205,0.217184360119694,0.37898590747073435,0.3536021167658267,0.3452926096590646,0.23872766513631657,0.2695079412173715,0.20840342208633028,5.654719232281574,0.2911639436386075,sample_data\pain_labels\pain_labeled_template.csv,synthetic_augmented
0.7584798894025263,0.6836853897681754,0.6695850312714912,0.9204151700231783,0.3020684837246329,0.1684679719061823,0.5270078112522554,0.5199506480887447,0.3974279381911761,0.45723189428048044,0.5360796440784167,0.5217917093177782,0.5013544553038175,0.538385298347441,0.39423881590057375,7.768935442983827,0.579880375631166,sample_data\pain_labels\pain_labeled_template.csv,synthetic_augmented
0.8435270827758626,0.8933150762303081,0.7662061857638967,1.0,0.4855813294116858,0.29106544470807183,0.6664546393551153,0.6459467891679415,0.5419130321193745,0.54044776408432,0.6170192907463342,0.7192627611107724,0.7665556491809309,0.7148738039951372,0.6103324839026723,9.032679688652667,0.8863347846890597,sample_data\pain_labels\pain_labeled_template.csv,synthetic_augmented
0.559068914901314,0.5371926457114934,0.5374679381904469,0.6585248712442692,0.3384330871189456,0.191572515541214,0.48772108111942636,0.3913255308815672,0.37221020932457394,0.35655734666096495,0.36170742944432277,0.4219817507014459,0.46500510219979113,0.43965778923158594,0.30307317539930956,6.084503289209849,0.49233942229718763,sample_data\pain_labels\pain_labeled_template.csv,synthetic_augmented
0.19196145188087804,0.23951987292143137,0.18078045725936112,0.14384205534846325,0.12929049231424983,0.045628441411328755,0.21310469684181324,0.19857908776481947,0.070013196373316,0.1679759176484296,0.16417043221986416,0.1908384348457908,0.09047928541155452,0.10198691277825246,0.10576126975674262,2.162744769039082,0.0,sample_data\pain_labels\pain_labeled_template.csv,synthetic_augmented
0.5303636078638209,0.5621405857345314,0.43246065401788714,0.7550531847672849,0.3014550162535671,0.1776009588431634,0.3503100142237533,0.32058564720256577,0.2497341781290936,0.32204633120622006,0.3221971441001849,0.43795372061454174,0.3877883238060901,0.4610823142545455,0.3369228146392664,6.131501353653199,0.4912887617606118,sample_data\pain_labels\pain_labeled_template.csv,synthetic_augmented
0.22393306285885128,0.3079716378690207,0.24434728213291396,0.2902733174572285,0.14088839971626535,0.08885341510789138,0.19558155493964693,0.18782421293432564,0.13373182313849336,0.2182378661408028,0.20779701530925523,0.2624469219505749,0.146369104993838,0.17489954558419313,0.1445138305612776,2.5398486132743363,0.16577855568001618,sample_data\pain_labels\pain_labeled_template.csv,synthetic_augmented
0.06717759745298336,0.11369540002697158,0.126426870228555,0.1251049125425629,0.06943984929242913,0.11312941098496537,0.11204066169049337,0.06373587354013568,0.048074263886248574,0.1256450367599088,0.10549546547338515,0.1402516171823733,0.013615524753974241,0.07474652044863336,0.03520765663172501,0.2447859996179283,0.030827951283790532,sample_data\pain_labels\pain_labeled_template.csv,synthetic_augmented
0.22944745300589808,0.312367604895925,0.18080266190835484,0.462597462029961,0.18653130128364034,0.07355271179733835,0.21186249028903076,0.19699230767990025,0.12190899961667981,0.20096576422185672,0.21727019472536988,0.12522033039606784,0.07540233338813099,0.1246947309285643,0.11413654209551982,2.749440339400426,0.04848794514065786,sample_data\pain_labels\pain_labeled_template.csv,synthetic_augmented
0.3090757861974076,0.43738633540872385,0.248586924238928,0.6615877343247651,0.16899876479584358,0.16909074164424331,0.3129529808662838,0.20690620011856392,0.15519953061423142,0.27647545815732016,0.2646193545290748,0.203958576249482,0.1387264444297146,0.18013728698013257,0.11699397481093254,3.1324996881505633,0.089214409015406,sample_data\pain_labels\pain_labeled_template.csv,synthetic_augmented
0.5188299004232372,0.5827487493548329,0.4519436131481197,0.7276572098477417,0.25769520619279496,0.13142056670378482,0.37015310431389964,0.2981222627797967,0.19157620869541947,0.32904495736573697,0.3084115836175233,0.3491873050602466,0.2468449341534147,0.26154860476968733,0.20335238179363774,5.134156147054219,0.26411187335052305,sample_data\pain_labels\pain_labeled_template.csv,synthetic_augmented
0.7577593696331031,0.7475531025075536,0.6486609870302674,0.9598902027996968,0.37629306860906603,0.2237886090619944,0.5412532632448821,0.5608911536444391,0.44488846113104386,0.4794571115587847,0.5541670224562613,0.5789075829583729,0.6251216362662215,0.5515093573690147,0.4501575163996007,7.94546157568116,0.7023958821472793,sample_data\pain_labels\pain_labeled_template.csv,synthetic_augmented
0.8484134189315384,0.8723155972089728,0.7646392071175085,1.0,0.4501947977430933,0.298470427598077,0.66781009409885,0.6107668099153255,0.4957197695509932,0.6319838121158315,0.5982927753623861,0.6768537123889453,0.6596166312204061,0.6990162398280969,0.5682309217016255,9.08560659013011,0.8848109481557574,sample_data\pain_labels\pain_labeled_template.csv,synthetic_augmented
0.6912213083692169,0.6172171826527088,0.5736824983059671,0.747194876120657,0.33293858581952307,0.24932587129615072,0.5517029600461153,0.5165900058720203,0.3897331294856221,0.4681399181793533,0.42196049112154455,0.5906552848496035,0.5150579972321048,0.5485576903364289,0.4186907437441348,6.824941707530716,0.5584860906789393,sample_data\pain_labels\pain_labeled_template.csv,synthetic_augmented
0.30470644830632976,0.2914128270990936,0.1913656192247707,0.26072983639032254,0.09901301406560656,0.0546358905139114,0.17618732029873113,0.11706481340106466,0.07337750459064718,0.20062017856962397,0.1426147332902691,0.19259102166659461,0.16246666912808622,0.10799545310190539,0.08817795131103658,2.872703462845948,0.0783506730926321,sample_data\pain_labels\pain_labeled_template.csv,synthetic_augmented
0.4827359514492875,0.5003610479228463,0.45096592777626027,0.6919631823178013,0.2623976376170997,0.15573220452012335,0.37229646261977606,0.3450254951063686,0.20280054452464544,0.30600973714944496,0.28292808475785725,0.4523875878130857,0.3098370234294682,0.41729509949642823,0.3028662291560064,5.262661306934306,0.48265117845720906,sample_data\pain_labels\pain_labeled_template.csv,synthetic_augmented
0.33300700051853266,0.3959976829634085,0.31504080585099997,0.40546841898553543,0.1464475753242045,0.11353805574564788,0.2443660623991769,0.19962909865261474,0.15459359019696495,0.25000258898050487,0.16301134357044283,0.29442661319499785,0.2827167452678908,0.2404571715108451,0.22821826224602496,3.593791191452496,0.3253741281124585,sample_data\pain_labels\pain_labeled_template.csv,synthetic_augmented
0.11295376064795223,0.17707245830367616,0.11198397415593457,0.1497392415976721,0.04186862412027037,0.049419198006689466,0.12264622072854675,0.09363603936494572,0.06337459036089234,0.09795159072334493,0.058586340229986794,0.10943635047793969,0.047207982365110784,0.08611425026827785,0.030290957013907268,0.3842849294463404,0.03864518724016425,sample_data\pain_labels\pain_labeled_template.csv,synthetic_augmented
0.1919064338261073,0.23194815889851167,0.2533026241250294,0.31069489994889665,0.10412506854541291,0.07034744166521857,0.15518167582342868,0.15101313925994564,0.14918047937576304,0.15953409634778684,0.1661022457395499,0.04491530735372186,0.07280569680347347,0.07800710035709235,0.035993848628847344,1.9012493172976697,0.02119821390364502,sample_data\pain_labels\pain_labeled_template.csv,synthetic_augmented
0.3524187699052248,0.3562300799959447,0.27977496294658816,0.671322508682871,0.1336973622333067,0.0940064211512347,0.29775119118079235,0.3063004192981587,0.2043029650145234,0.24877870664796578,0.28462923337302537,0.20877217030408401,0.1842647573914319,0.13322544590172128,0.15769155741323349,3.683587944692567,0.10134953446161388,sample_data\pain_labels\pain_labeled_template.csv,synthetic_augmented
0.5608622133138588,0.5937313107666135,0.507096741581847,0.7428289410914029,0.28686617789900065,0.1894579164218929,0.42658669324048426,0.35914103975061135,0.27486498147428284,0.37682636989233587,0.4142364837035381,0.41866074905593276,0.32578971065659507,0.4212291295281933,0.2599250149448901,5.9826663390861885,0.3789574969761783,sample_data\pain_labels\pain_labeled_template.csv,synthetic_augmented
0.707430663303278,0.7025953141476702,0.6638793996876875,0.9207094036281648,0.3797074870611095,0.26410729872815414,0.5814553064580046,0.49700588623038316,0.3717576634152738,0.484432098147516,0.49877751972417644,0.5088567398717192,0.48913348637703247,0.5309001043553037,0.4367060679589516,7.915432063441161,0.6502582007892201,sample_data\pain_labels\pain_labeled_template.csv,synthetic_augmented
0.8604279202049074,0.8061386471015024,0.7549651211756128,1.0,0.48176267540629264,0.2326847209334773,0.6665793160856799,0.6380403673395937,0.5179130979897482,0.5510991022682152,0.6288443204844131,0.697536626975529,0.6410640761684516,0.6994602488618877,0.5814272482986165,9.36554113696583,0.899040853764134,sample_data\pain_labels\pain_labeled_template.csv,synthetic_augmented
0.6665471562578404,0.6434254378315571,0.5905335575068998,0.7824261253873166,0.3361326084056116,0.21623885518616676,0.5372949264925567,0.5055594866783665,0.3583054636409214,0.42939348726213133,0.3874665947170889,0.5387701979318265,0.48609807608996386,0.49124298763407187,0.4057577225862362,6.929198471981573,0.5174401808956837,sample_data\pain_labels\pain_labeled_template.csv,synthetic_augmented
0.2652302655055311,0.287784781448281,0.1980173956610592,0.30045311867804925,0.11471921280597042,0.07570011288479271,0.22360679508617673,0.1555144796741341,0.05382241508309687,0.15559434560059326,0.16239397633165764,0.1995727724909608,0.1149666742565921,0.1686222346740203,0.0881857210121444,2.537350271858238,0.08865260954154414,sample_data\pain_labels\pain_labeled_template.csv,synthetic_augmented
0.25054127419871,0.34207540923976415,0.1907274524338699,0.2292437107122285,0.12879054310056195,0.06230072357196513,0.1909882803163196,0.0944584120516496,0.08082318263239316,0.16065094525845108,0.12106381720627178,0.1667829726758504,0.10773888012897957,0.17488073252075792,0.12225508422840425,2.1557916448234007,0.0881769076974305,sample_data\pain_labels\pain_labeled_template.csv,synthetic_augmented
0.17081957963375388,0.2384712174114438,0.2386939503253802,0.22277818819988301,0.16294551269936638,0.025224175796366252,0.14023900628593516,0.16624470066660058,0.14795852592651476,0.18534084427791292,0.14204060859916634,0.12708127018078375,0.08055940639286804,0.16868008199497198,0.10692596017311373,1.8507999018910148,0.16540103700028363,sample_data\pain_labels\pain_labeled_template.csv,synthetic_augmented
0.10804255668743912,0.13502963528677694,0.1708062089142955,0.08512576554712427,0.059272841854878904,0.07041796005348144,0.07611255699695493,0.1556549097631498,0.058234913277134044,0.1284020665172622,0.10697436538434288,0.13329128319208125,0.06226381681624418,0.00033691509594828417,0.07059270600909111,0.471364462753636,0.004286202913572939,sample_data\pain_labels\pain_labeled_template.csv,synthetic_augmented
0.23957416097433476,0.26694885499015497,0.2233671281961556,0.42211725301832737,0.19541043984686327,0.13829783690176156,0.22211947321914507,0.1711113982948109,0.1106907612248235,0.2308402445398713,0.1677924596847864,0.1334879263964592,0.11971982496630032,0.0899790717763307,0.07346338244341671,1.8369389595935555,0.0858276695997144,sample_data\pain_labels\pain_labeled_template.csv,synthetic_augmented
0.418174985513912,0.49039219935633743,0.3211551602445984,0.6714485446807915,0.17744872875689655,0.11891056012053795,0.348217515674537,0.2745416713690554,0.14980017743193613,0.2391644165658347,0.21718037178724414,0.2719741571621223,0.23340388904565648,0.2323608002959628,0.08173573375758539,4.442673879572976,0.20181483290053143,sample_data\pain_labels\pain_labeled_template.csv,synthetic_augmented
0.5073443745215243,0.6032143555455277,0.4751369079952547,0.6998097502065013,0.2695883460963984,0.09932454318446683,0.39412271703886664,0.38103782521577034,0.24963442824528034,0.3241144752792824,0.3535795097469394,0.38786645711980855,0.30183335363103375,0.316578956054045,0.24715688630751145,5.65006854349404,0.30832765041001076,sample_data\pain_labels\pain_labeled_template.csv,synthetic_augmented
0.7222204044262656,0.6846307747079036,0.6238452134846442,0.9282123105409281,0.3892472117874636,0.277392564189874,0.5607497301631253,0.5389415729756699,0.4312167539423036,0.44772569406893004,0.4998443533404962,0.5588659919973911,0.5500040963212373,0.5557480451469625,0.38729095785843537,7.8623596354216305,0.720933603971432,sample_data\pain_labels\pain_labeled_template.csv,synthetic_augmented
0.8629864790378584,0.8328868960806813,0.7245453355330671,1.0,0.4338289679469663,0.2660087908754613,0.7018267171598321,0.6372132196577578,0.5073761967161112,0.562948858772362,0.6016632663293537,0.7177543944595639,0.6970815951906131,0.675556007169235,0.550765120301647,8.893986586158722,0.7909084072184994,sample_data\pain_labels\pain_labeled_template.csv,synthetic_augmented
0.7737332534108395,0.702443365474177,0.5956575019003401,0.7802275498554058,0.3953906886563497,0.28319626240994245,0.564225891804013,0.5661459254691117,0.43617195293500804,0.4900004224138917,0.47264971755015883,0.6377054446325696,0.5479610079372594,0.6039017426637948,0.4225108394074078,7.557645620433611,0.6971278445710778,sample_data\pain_labels\pain_labeled_template.csv,synthetic_augmented
0.23130197347315762,0.23043896665272964,0.1604783856350821,0.2172802973907123,0.11989946489934816,0.026389497102807153,0.19778806793990641,0.09306209285815964,0.03828261987150894,0.20483744242334795,0.1027001704119565,0.17545199577005355,0.09084920953131316,0.10438834067965216,0.07841955563364048,1.977011735111473,0.0015041708802903536,sample_data\pain_labels\pain_labeled_template.csv,synthetic_augmented
0.25231864109148394,0.2568237885931234,0.21382129044333503,0.2904492352250969,0.17245164661278609,0.08759735506096793,0.1764434980203641,0.1624599171675292,0.12650381492431628,0.21902395568914396,0.20080134485021983,0.21099123218502783,0.14488251897633178,0.14811704331152314,0.05452891615776589,2.529630764745765,0.11920026231483438,sample_data\pain_labels\pain_labeled_template.csv,synthetic_augmented
0.19706589754763382,0.30151808569358607,0.31887780784961656,0.3392994789468944,0.16046536543165613,0.09542773318649721,0.275748500750733,0.15032511299149767,0.12969231217502744,0.1733502256712094,0.15467365088171728,0.241960654943034,0.22391730809247165,0.26624654969936906,0.168222654348224,2.7079335305759074,0.32434020468124547,sample_data\pain_labels\pain_labeled_template.csv,synthetic_augmented
